Title,SJR,H index,Total Docs. (2017),Total Docs. (3years),Total Refs.,Total Cites (3years),Citable Docs. (3years),Cites / Doc. (2years),Ref. / Doc.,Impact Factor
Nature Nanotechnology,20.612,263,230,737,7058,18668,562.0,30.23,30.69,33.21708
Nano Energy,5.185,85,718,1305,37335,17029,1303.0,12.83,52.0,13.06907
Materials Horizons,5.025,38,111,192,8504,2356,187.0,13.04,76.61,12.59893
Progress in Quantum Electronics,3.999,54,15,23,2467,243,21.0,10.73,164.47,11.57143
Automatica,3.896,221,508,1275,14702,9444,1256.0,7.03,28.94,7.51911
IEEE Communications Surveys and Tutorials,3.661,120,125,328,19223,8484,318.0,24.0,153.78,26.67925
IEEE Transactions on Automatic Control,3.433,245,800,1212,19661,7118,1205.0,5.35,24.58,5.90705
ACS Photonics,3.376,37,402,777,18378,5444,761.0,7.2,45.72,7.15375
IEEE Transactions on Cybernetics,3.274,60,532,781,16918,7010,750.0,9.05,31.8,9.34667
Nano Research,3.064,87,490,891,19044,6921,878.0,7.46,38.87,7.88269
Nanophotonics,2.916,31,103,104,9607,674,97.0,6.14,93.27,6.94845
IEEE Transactions on Power Systems,2.742,205,681,1240,14988,7944,1206.0,5.81,22.01,6.58706
IEEE Transactions on Geoscience and Remote Sensing,2.649,197,611,1734,23172,9973,1721.0,5.63,37.92,5.79489
International Journal of Robotics Research,2.471,128,93,281,3102,1694,268.0,5.6,33.35,6.3209
IEEE Communications Magazine,2.297,199,386,1039,4561,11371,878.0,9.73,11.82,12.95103
IEEE Transactions on Power Electronics,2.215,205,993,2036,25455,18213,2019.0,8.46,25.63,9.0208
Journal of Power Sources,2.202,249,1328,5850,60773,40725,5809.0,7.03,45.76,7.01067
IEEE Transactions on Industrial Electronics,2.192,217,1112,2250,30512,20179,2238.0,8.44,27.44,9.01653
Energy and Buildings,2.061,132,900,2602,38159,12856,2579.0,4.82,42.4,4.98488
International Journal of Robust and Nonlinear Control,2.028,85,277,612,9417,2583,598.0,4.29,34.0,4.3194
Energy,1.99,146,1951,4290,86123,23896,4231.0,5.26,44.14,5.64784
IEEE Industrial Electronics Magazine,1.978,49,31,102,781,721,81.0,7.21,25.19,8.90123
Systems and Control Letters,1.939,117,138,451,3424,1513,445.0,3.05,24.81,3.4
IEEE Transactions on Medical Imaging,1.895,187,251,645,9162,4207,629.0,7.22,36.5,6.68839
IEEE Wireless Communications,1.878,129,111,325,1436,2995,299.0,9.1,12.94,10.01672
IEEE Transactions on Control Systems Technology,1.832,127,405,667,6730,3874,659.0,5.81,16.62,5.8786
IEEE Transactions on Robotics,1.822,121,120,377,3765,2269,374.0,5.86,31.38,6.06684
IEEE Transactions on Power Delivery,1.814,152,371,911,7090,4019,903.0,4.01,19.11,4.45072
Polymer Reviews,1.787,76,26,60,3332,419,58.0,6.74,128.15,7.22414
Progress in Photovoltaics: Research and Applications,1.772,108,105,479,3900,2644,477.0,5.92,37.14,5.54298
IEEE Signal Processing Magazine,1.747,146,99,292,3026,2310,238.0,7.16,30.57,9.70588
IEEE Geoscience and Remote Sensing Magazine,1.742,13,36,91,1461,375,91.0,4.44,40.58,4.12088
IEEE Journal on Selected Areas in Communications,1.741,207,214,721,8456,6677,695.0,7.76,39.51,9.60719
IEEE Journal of Solid-State Circuits,1.665,188,284,803,7809,3909,767.0,4.55,27.5,5.09648
IEEE Journal of Emerging and Selected Topics in Power Electronics,1.657,35,213,335,5569,2210,324.0,6.6,26.15,6.82099
IEEE Transactions on Industrial Informatics,1.599,85,472,624,10664,5170,618.0,6.13,22.59,8.3657
Nano-Micro Letters,1.554,27,46,133,2709,782,131.0,7.4,58.89,5.96947
IEEE/ASME Transactions on Mechatronics,1.537,104,283,790,9338,3941,785.0,4.71,33.0,5.02038
Critical Reviews in Solid State and Materials Sciences,1.51,46,16,49,3043,282,49.0,5.38,190.19,5.7551
IEEE Geoscience and Remote Sensing Letters,1.486,80,531,1324,9201,4666,1321.0,3.46,17.33,3.53217
Nonlinear Dynamics,1.468,85,820,1976,30953,8511,1950.0,4.29,37.75,4.36462
IEEE Transactions on Reliability,1.444,82,96,342,2872,1174,338.0,2.94,29.92,3.47337
IET Control Theory and Applications,1.416,91,379,833,13101,3305,824.0,3.81,34.57,4.01092
"Sensors and Actuators, B: Chemical",1.406,159,2217,4629,95443,26095,4615.0,5.75,43.05,5.65439
Proceedings of the IEEE,1.38,241,158,466,11131,4155,433.0,8.66,70.45,9.59584
IEEE Transactions on Energy Conversion,1.377,146,202,462,4392,2475,447.0,4.73,21.74,5.53691
IEEE Electron Device Letters,1.361,130,429,1203,8375,4409,1191.0,3.66,19.52,3.70193
IEEE Journal on Selected Topics in Signal Processing,1.331,83,108,357,4982,2465,334.0,5.11,46.13,7.38024
IEEE Transactions on Antennas and Propagation,1.309,162,870,2214,23518,10131,2175.0,4.5,27.03,4.65793
IEEE Transactions on Automation Science and Engineering,1.306,62,189,407,5693,1884,380.0,4.48,30.12,4.95789
"IEEE Transactions on Systems, Man, and Cybernetics: Systems",1.303,105,567,409,13524,2318,402.0,6.02,23.85,5.76617
Telematics and Informatics,1.299,42,226,241,10371,1018,233.0,3.79,45.89,4.3691
International Journal of Electrical Power and Energy Systems,1.276,88,234,1608,7939,7356,1596.0,4.57,33.93,4.60902
IEEE Transactions on Signal Processing,1.247,220,510,1492,19378,8305,1484.0,4.91,38.0,5.59636
IEEE Transactions on Wireless Communications,1.246,177,599,1725,21870,11013,1720.0,6.11,36.51,6.40291
IEEE Journal of Photovoltaics,1.214,43,296,743,7624,2733,736.0,3.05,25.76,3.71332
"IEEE Transactions on Ultrasonics, Ferroelectrics, and Frequency Control",1.183,116,179,623,6609,1821,611.0,2.79,36.92,2.98036
Journal of the Energy Institute,1.179,29,160,201,3367,637,175.0,3.86,21.04,3.64
Smart Materials and Structures,1.152,124,476,1465,18000,4874,1447.0,3.01,37.82,3.36835
International Review of Aerospace Engineering,1.148,10,37,80,1079,174,79.0,2.45,29.16,2.20253
Beilstein Journal of Nanotechnology,1.119,39,280,713,12914,2358,670.0,3.19,46.12,3.5194
IEEE Journal on Selected Topics in Quantum Electronics,1.116,139,94,579,3542,1906,553.0,2.82,37.68,3.44665
ISA Transactions,1.115,54,285,676,9342,2910,662.0,3.76,32.78,4.39577
"Journal of Guidance, Control, and Dynamics",1.104,117,294,736,9292,2012,722.0,2.54,31.61,2.7867
IEEE Transactions on Terahertz Science and Technology,1.086,39,98,362,2686,1057,324.0,3.36,27.41,3.26235
"Organic Electronics: physics, materials, applications",1.085,87,539,1462,22373,5017,1454.0,3.67,41.51,3.45048
Nanotechnology,1.079,171,1137,2892,51273,8666,2845.0,2.98,45.09,3.04605
Control Engineering Practice,1.069,99,193,509,6800,1724,499.0,3.11,35.23,3.45491
Electric Power Systems Research,1.048,95,439,1041,13991,3390,1023.0,3.33,31.87,3.31378
IEEE Antennas and Wireless Propagation Letters,1.047,89,803,1424,11335,5496,1410.0,3.8,14.12,3.89787
Superconductor Science and Technology,1.036,89,314,796,12353,2083,773.0,2.64,39.34,2.6947
IEEE Transactions on Industry Applications,1.02,165,640,1600,15496,6393,1594.0,3.39,24.21,4.01066
Optics and Lasers in Engineering,1.018,69,219,684,7000,2243,678.0,3.41,31.96,3.30826
IEEE Journal of the Electron Devices Society,1.016,17,102,168,1765,559,160.0,3.0,17.3,3.49375
IEEE Transactions on Communications,1.004,182,471,1162,13830,5835,1151.0,4.95,29.36,5.0695
IEEE Transactions on Microwave Theory and Techniques,1.0,167,533,1294,15665,4504,1238.0,3.4,29.39,3.63813
IEEE Journal of Biomedical and Health Informatics,0.991,94,271,603,7021,2593,579.0,4.25,25.91,4.47841
IEEE Control Systems,0.983,99,101,261,1405,536,178.0,2.79,13.91,3.01124
IEEE Transactions on Circuits and Systems for Video Technology,0.977,151,350,520,8943,2732,513.0,4.83,25.55,5.32554
IEEE Photonics Technology Letters,0.961,139,592,1996,9936,5573,1988.0,2.84,16.78,2.80332
IEEE Transactions on Multimedia,0.954,101,299,590,10564,3068,577.0,5.11,35.33,5.31716
Discrete Event Dynamic Systems: Theory and Applications,0.944,42,32,75,788,98,70.0,1.29,24.63,1.4
IEEE Power and Energy Magazine,0.942,59,73,227,267,433,183.0,2.36,3.66,2.36612
IEEE Transactions on Broadcasting,0.941,68,83,223,2000,1047,223.0,5.05,24.1,4.69507
Signal Processing,0.94,105,361,1120,12918,4362,1104.0,3.93,35.78,3.95109
IEEE Transactions on Instrumentation and Measurement,0.938,93,401,1021,10210,3486,999.0,3.29,25.46,3.48949
International Journal of Adaptive Control and Signal Processing,0.915,56,122,277,4098,681,272.0,2.26,33.59,2.50368
Zhongguo Dianji Gongcheng Xuebao/Proceedings of the Chinese Society of Electrical Engineering,0.909,82,655,2412,15905,5430,2412.0,1.99,24.28,2.25124
"IET Generation, Transmission and Distribution",0.907,87,483,956,14131,3092,949.0,3.04,29.26,3.25817
IEEE Photonics Journal,0.893,52,682,1197,17274,3338,1188.0,2.84,25.33,2.80976
Engineering Applications of Artificial Intelligence,0.874,82,213,605,10291,2239,596.0,3.58,48.31,3.75671
IEEE Transactions on Circuits and Systems I: Regular Papers,0.869,141,320,852,8883,3087,844.0,3.42,27.76,3.65758
"IEEE Transactions on Audio, Speech and Language Processing",0.867,91,0,247,0,1320,245.0,4.91,0.0,5.38776
IEEE Transactions on Biomedical Circuits and Systems,0.865,53,139,284,4809,1129,265.0,4.12,34.6,4.26038
Meitan Xuebao/Journal of the China Coal Society,0.864,40,424,1479,8943,1812,1479.0,1.02,21.09,1.22515
IEEE Transactions on Professional Communication,0.845,37,32,74,1352,147,68.0,1.12,42.25,2.16176
IEEE/ACM Transactions on Audio Speech and Language Processing,0.841,20,191,331,9213,1452,328.0,4.24,48.24,4.42683
Journal of Energy Storage,0.84,12,156,149,5963,544,148.0,3.68,38.22,3.67568
IEEE Transactions on Electron Devices,0.839,158,820,2035,21772,5811,2007.0,2.9,26.55,2.89537
IEEE Transactions on Mobile Computing,0.82,116,308,627,9583,3067,620.0,4.58,31.11,4.94677
IET Power Electronics,0.803,49,240,902,6358,2957,886.0,2.88,26.49,3.33747
"Journal of Infrared, Millimeter, and Terahertz Waves",0.803,46,126,280,3865,617,264.0,1.94,30.67,2.33712
IEEE Transactions on Dependable and Secure Computing,0.802,56,102,162,1817,704,153.0,4.57,17.81,4.60131
Mechatronics,0.79,74,100,376,3479,1130,361.0,2.69,34.79,3.13019
Telecommunications Policy,0.787,57,95,245,4231,519,228.0,2.34,44.54,2.27632
Journal of Micro-Bio Robotics,0.783,9,12,19,419,62,19.0,3.42,34.92,3.26316
Flexible and Printed Electronics,0.779,5,51,28,2285,75,28.0,2.68,44.8,2.67857
International Journal of Computer Integrated Manufacturing,0.773,44,110,274,3602,508,263.0,1.86,32.75,1.93156
"Sustainable Energy, Grids and Networks",0.769,10,40,81,1375,215,79.0,2.72,34.38,2.72152
IEEE Transactions on Circuits and Systems II: Express Briefs,0.758,102,412,672,4630,1912,667.0,2.74,11.24,2.86657
Dianli Xitong Zidonghua/Automation of Electric Power Systems,0.758,68,611,1760,12716,3818,1760.0,2.13,20.81,2.16932
Semiconductor Science and Technology,0.757,94,297,823,14902,1817,805.0,2.02,50.18,2.25714
IEEE Robotics and Automation Magazine,0.754,76,82,248,947,587,194.0,2.69,11.55,3.02577
Remote Sensing Letters,0.752,26,95,348,1917,666,345.0,1.66,20.18,1.93043
IEEE Transactions on Vehicular Technology,0.75,136,1073,1828,31880,8500,1816.0,4.54,29.71,4.68062
Vehicular Communications,0.739,15,43,58,1707,312,56.0,4.05,39.7,5.57143
Optics and Laser Technology,0.737,57,392,907,11446,2409,905.0,2.7,29.2,2.66188
Journal of Microelectromechanical Systems,0.734,125,154,525,4620,1443,518.0,2.67,30.0,2.78571
IEEE Transactions on Engineering Management,0.734,80,65,163,2743,307,151.0,1.85,42.2,2.03311
Measurement: Journal of the International Measurement Confederation,0.733,61,624,1946,17836,5020,1871.0,2.51,28.58,2.68306
IEEE Signal Processing Letters,0.732,112,406,1191,8904,4489,1185.0,3.53,21.93,3.78819
IEEE Microwave and Wireless Components Letters,0.73,108,381,911,3682,2194,906.0,2.43,9.66,2.42163
IEEE/ACM Transactions on Networking,0.716,152,274,582,10061,2201,580.0,3.52,36.72,3.79483
Applied Optics,0.715,170,1525,4224,42179,7669,4177.0,1.91,27.66,1.83601
IEEE Power Electronics Magazine,0.71,10,33,84,233,196,84.0,2.24,7.06,2.33333
Quantum Information Processing,0.708,38,316,790,12619,1842,778.0,2.41,39.93,2.36761
IEEE Transactions on Electromagnetic Compatibility,0.703,80,303,639,5597,1302,625.0,1.87,18.47,2.0832
"Sensors and Actuators, A: Physical",0.699,132,533,1393,16248,3855,1376.0,2.55,30.48,2.8016
IEEE Journal of Oceanic Engineering,0.697,83,164,254,2862,680,226.0,2.66,17.45,3.00885
Power System Technology,0.696,49,450,1648,9795,3174,1648.0,2.0,21.77,1.92597
Diamond and Related Materials,0.686,98,240,535,8687,1293,529.0,2.33,36.2,2.44423
Progress in Electromagnetics Research,0.682,76,29,216,974,644,216.0,2.75,33.59,2.98148
IEEE Wireless Communications Letters,0.678,37,288,509,2592,1704,504.0,3.31,9.0,3.38095
Diangong Jishu Xuebao/Transactions of China Electrotechnical Society,0.673,43,709,2073,14949,4072,2073.0,1.89,21.08,1.9643
Energies,0.67,56,2176,2121,87390,6535,2097.0,2.89,40.16,3.11636
International Journal of Mobile Communications,0.665,37,32,99,1614,196,99.0,2.15,50.44,1.9798
International Journal of Precision Engineering and Manufacturing,0.663,36,217,897,5124,1473,881.0,1.72,23.61,1.67196
Journal of Solid State Electrochemistry,0.661,69,397,1113,17071,2615,1086.0,2.41,43.0,2.40792
Lighting Research and Technology,0.66,40,142,242,2044,298,191.0,1.65,14.39,1.56021
Bell Labs Technical Journal,0.657,37,1,19,0,134,19.0,18.67,0.0,7.05263
IEEE Journal of Quantum Electronics,0.65,115,105,353,3490,624,347.0,1.8,33.24,1.79827
Physica Status Solidi (A) Applications and Materials,0.648,90,441,1336,14238,2351,1293.0,1.83,32.29,1.81825
IEEE Transactions on Network and Service Management,0.63,31,87,156,3359,674,153.0,4.31,38.61,4.40523
IEEE Journal on Emerging and Selected Topics in Circuits and Systems,0.619,30,55,154,2193,617,143.0,4.26,39.87,4.31469
IEEE Sensors Journal,0.619,89,1058,2475,28398,8057,2455.0,3.23,26.84,3.28187
Optics Communications,0.614,115,1039,2815,28265,5175,2786.0,1.99,27.2,1.8575
Image and Vision Computing,0.612,111,117,264,5470,784,247.0,2.39,46.75,3.17409
IEEE Transactions on Aerospace and Electronic Systems,0.611,121,300,765,7814,2054,755.0,2.41,26.05,2.72053
Sensing and Bio-Sensing Research,0.604,11,51,159,2423,365,157.0,2.3,47.51,2.32484
Microelectronic Engineering,0.604,85,289,1206,7227,2240,1181.0,1.99,25.01,1.8967
IEEE Systems Journal,0.595,46,393,487,6793,1606,402.0,3.86,17.28,3.99502
International Review of Electrical Engineering,0.594,26,48,297,1353,351,297.0,1.07,28.19,1.18182
Optical Materials,0.592,89,677,1646,24250,3898,1630.0,2.31,35.82,2.39141
Smart Structures and Systems,0.591,33,124,397,4607,852,384.0,2.24,37.15,2.21875
IEEE Communications Letters,0.589,122,706,1747,8163,5209,1739.0,2.95,11.56,2.9954
Experimental Heat Transfer,0.588,27,40,114,1113,169,113.0,1.57,27.83,1.49558
Sensors,0.584,114,2894,5103,119465,16308,5058.0,2.89,41.28,3.2242
"Navigation, Journal of the Institute of Navigation",0.581,34,43,95,847,160,87.0,1.23,19.7,1.83908
Superlattices and Microstructures,0.574,60,683,1564,22738,3317,1562.0,2.09,33.29,2.12356
IEEE Transactions on Nanotechnology,0.572,69,164,437,4867,1238,427.0,3.14,29.68,2.8993
"Journal of Electronic Packaging, Transactions of the ASME",0.569,45,48,170,1633,354,165.0,2.4,34.02,2.14545
IEEE Transactions on Nanobioscience,0.566,53,96,286,3733,700,272.0,2.3,38.89,2.57353
IEEE Transactions on Nuclear Science,0.565,106,399,1307,8801,2159,1285.0,1.65,22.06,1.68016
"IET Microwaves, Antennas and Propagation",0.565,56,263,656,6185,1374,646.0,1.97,23.52,2.12693
Journal of Micromechanics and Microengineering,0.554,115,282,894,9444,1794,878.0,1.91,33.49,2.04328
Signal Processing: Image Communication,0.551,69,133,342,5735,1033,337.0,2.79,43.12,3.06528
Digital Signal Processing: A Review Journal,0.55,56,212,514,7750,1396,511.0,2.48,36.56,2.7319
"IET Radar, Sonar and Navigation",0.548,69,190,489,5194,1139,477.0,2.24,27.34,2.38784
IET Electric Power Applications,0.548,84,176,208,4788,643,207.0,3.06,27.2,3.10628
Electronics (Switzerland),0.548,17,108,192,4798,558,183.0,2.6,44.43,3.04918
Radio Science,0.546,68,145,360,3762,526,359.0,1.4,25.94,1.46518
IEEE Circuits and Systems Magazine,0.545,43,14,59,953,190,46.0,4.5,68.07,4.13043
Journal of Intelligent and Robotic Systems: Theory and Applications,0.537,56,262,497,5687,1154,451.0,2.09,21.71,2.55876
Dianli Xitong Baohu yu Kongzhi/Power System Protection and Control,0.536,37,434,1732,7851,3062,1732.0,1.98,18.09,1.7679
IEEE Transactions on Consumer Electronics,0.53,88,65,230,1534,579,229.0,2.12,23.6,2.52838
Gaodianya Jishu/High Voltage Engineering,0.528,39,485,1609,11791,2851,1609.0,1.97,24.31,1.77191
Journal of Information Display,0.525,14,23,87,615,167,86.0,2.38,26.74,1.94186
Quantitative InfraRed Thermography,0.524,16,21,52,485,82,48.0,1.58,23.1,1.70833
Optical Fiber Technology,0.522,50,164,341,4453,632,339.0,1.56,27.15,1.86431
Urban Rail Transit,0.514,4,25,40,611,33,38.0,0.87,24.44,0.86842
Journal of Visual Communication and Image Representation,0.503,62,191,639,7924,1691,629.0,2.33,41.49,2.68839
Journal of Materials Science: Materials in Electronics,0.503,61,2470,3989,80854,8570,3953.0,2.33,32.73,2.16797
Quantum Electronics,0.501,39,208,634,5241,691,632.0,1.1,25.2,1.09335
Laser and Particle Beams,0.497,48,94,280,2854,309,276.0,1.2,30.36,1.11957
Journal of X-Ray Science and Technology,0.495,27,75,198,1945,235,196.0,1.29,25.93,1.19898
IEEE Transactions on Computational Intelligence and AI in Games,0.493,32,45,107,1349,220,101.0,1.93,29.98,2.17822
Micromachines,0.493,22,381,465,15868,1068,454.0,2.33,41.65,2.35242
Physica C: Superconductivity and its Applications,0.492,78,123,591,4005,755,585.0,1.41,32.56,1.2906
Solid-State Electronics,0.492,82,223,667,5132,1123,652.0,1.79,23.01,1.72239
IEEE Antennas and Propagation Magazine,0.491,73,106,392,1936,645,315.0,2.37,18.26,2.04762
Flow Measurement and Instrumentation,0.489,46,122,352,3287,586,346.0,1.6,26.94,1.69364
IEEE Transactions on Magnetics,0.488,116,1007,3385,16638,6036,3348.0,1.79,16.52,1.80287
IEEE Transactions on Education,0.486,57,41,109,1281,244,104.0,2.07,31.24,2.34615
"Signal, Image and Video Processing",0.485,24,225,509,5284,955,503.0,1.84,23.48,1.89861
IEEE Microwave Magazine,0.485,60,131,458,1928,680,359.0,1.65,14.72,1.89415
IEEE Transactions on Computer-Aided Design of Integrated Circuits and Systems,0.485,106,285,513,6032,1469,503.0,3.06,21.16,2.92048
"IEEE Transactions on Components, Packaging and Manufacturing Technology",0.482,35,238,637,5584,1235,634.0,1.91,23.46,1.94795
Journal of Electrostatics,0.478,66,120,274,3227,465,271.0,1.6,26.89,1.71587
Journal of the Society for Information Display,0.477,43,78,240,1535,266,236.0,1.2,19.68,1.12712
Journal of Electronic Materials,0.474,83,910,2002,27761,3175,1983.0,1.5,30.51,1.60111
IEEE Transactions on Dielectrics and Electrical Insulation,0.468,96,457,1257,13046,2984,1239.0,2.15,28.55,2.40839
Journal of Vacuum Science and Technology B: Nanotechnology and Microelectronics,0.467,111,247,823,7592,1025,818.0,1.17,30.74,1.25306
Computer Optics,0.457,19,120,349,2627,613,347.0,1.74,21.89,1.76657
International Transactions on Electrical Energy Systems,0.453,33,208,501,6577,811,500.0,1.58,31.62,1.622
IEEE Transactions on Very Large Scale Integration (VLSI) Systems,0.447,92,385,943,10036,2230,938.0,2.2,26.07,2.3774
Optimization and Engineering,0.446,31,39,114,1749,169,112.0,1.49,44.85,1.50893
IEEE/OSA Journal of Display Technology,0.442,53,0,580,0,862,575.0,1.43,0.0,1.49913
Advances in Natural Sciences: Nanoscience and Nanotechnology,0.442,22,80,240,3316,400,240.0,1.71,41.45,1.66667
IEEE Transactions on Device and Materials Reliability,0.44,60,103,334,2744,649,324.0,1.64,26.64,2.00309
Journal of Location Based Services,0.439,18,11,49,420,82,46.0,1.8,38.18,1.78261
Photonics and Nanostructures - Fundamentals and Applications,0.433,32,53,145,1950,236,144.0,1.44,36.79,1.63889
Dianli Zidonghua Shebei / Electric Power Automation Equipment,0.431,28,402,964,7808,1360,964.0,1.54,19.42,1.41079
International Review on Modelling and Simulations,0.428,18,46,258,1268,275,256.0,0.99,27.57,1.07422
Journal of Electroceramics,0.427,64,45,198,2833,244,194.0,1.1,62.96,1.25773
IET Nanobiotechnology,0.424,28,150,162,6160,337,160.0,2.12,41.07,2.10625
AEU - International Journal of Electronics and Communications,0.42,44,351,609,10271,1467,598.0,2.17,29.26,2.45318
IEEE Nanotechnology Magazine,0.419,11,18,59,883,39,45.0,0.76,49.06,0.86667
Physica B: Condensed Matter,0.417,92,735,1806,18015,2605,1789.0,1.46,24.51,1.45612
Journal of Electromagnetic Engineering and Science,0.417,4,40,41,489,75,41.0,1.83,12.23,1.82927
IEEE Micro,0.413,84,79,188,729,450,160.0,2.38,9.23,2.8125
Biochip Journal,0.412,15,40,120,1240,164,120.0,1.43,31.0,1.36667
ECS Solid State Letters,0.41,16,0,198,0,213,194.0,1.32,0.0,1.09794
Eurasip Journal on Image and Video Processing,0.409,28,86,150,2990,345,147.0,1.79,34.77,2.34694
IEEE Transactions on Applied Superconductivity,0.408,69,769,2475,12571,3508,2463.0,1.38,16.35,1.42428
Electronics Letters,0.407,134,801,3220,5794,4916,3119.0,1.47,7.23,1.57615
IET Electrical Systems in Transportation,0.406,15,38,67,1305,166,66.0,1.9,34.34,2.51515
Computers and Electrical Engineering,0.401,43,415,737,6365,1538,670.0,1.97,15.34,2.29552
Soldering and Surface Mount Technology,0.399,26,29,76,674,109,75.0,1.41,23.24,1.45333
Chinese Optics Letters,0.393,29,256,960,6051,964,958.0,1.16,23.64,1.00626
IEEE Electrical Insulation Magazine,0.392,59,43,145,710,217,100.0,1.66,16.51,2.17
Microelectronics Reliability,0.388,77,411,1274,9910,1895,1254.0,1.41,24.11,1.51116
International Journal of Imaging Systems and Technology,0.38,41,41,103,1145,149,103.0,1.73,27.93,1.4466
IET Signal Processing,0.38,30,134,319,3866,534,316.0,1.54,28.85,1.68987
International Journal on Communications Antenna and Propagation,0.38,13,71,148,1893,228,144.0,1.55,26.66,1.58333
"Journal of Micro/ Nanolithography, MEMS, and MOEMS",0.379,34,74,370,1772,444,349.0,1.39,23.95,1.27221
Infrared and Laser Engineering,0.379,25,491,2088,7202,1388,2088.0,0.68,14.67,0.66475
Electric Power Components and Systems,0.373,39,193,566,5686,903,554.0,1.49,29.46,1.62996
International Journal of Robotics and Automation,0.367,23,72,154,1917,189,153.0,1.07,26.63,1.23529
International Journal of Circuit Theory and Applications,0.366,44,149,351,3684,493,342.0,1.43,24.72,1.44152
Nanomaterials and Nanotechnology,0.366,13,28,121,1038,137,119.0,1.05,37.07,1.15126
International Journal of Ventilation,0.366,15,38,96,546,62,91.0,0.73,14.37,0.68132
Frontiers of Optoelectronics,0.365,11,48,169,1377,142,158.0,0.86,28.69,0.89873
"Radiophysics and Quantum Electronics (English Translation of Izvestiya Vysshikh Uchebnykh Zavedenii, Radiofizika)",0.362,14,317,275,3777,178,273.0,0.62,11.91,0.65201
IEEE Security and Privacy,0.36,62,97,283,854,412,244.0,1.51,8.8,1.68852
IEEE Transactions on Semiconductor Manufacturing,0.359,57,76,192,1601,270,181.0,1.59,21.07,1.49171
Opto-electronics Review,0.358,35,46,101,1525,149,98.0,1.14,33.15,1.52041
Diagnostyka,0.356,8,51,143,1058,140,143.0,0.87,20.75,0.97902
Journal of Modern Transportation,0.354,11,26,90,776,98,90.0,1.0,29.85,1.08889
Optical and Quantum Electronics,0.353,50,427,1076,12718,1280,1065.0,1.25,29.78,1.20188
"IET Science, Measurement and Technology",0.352,41,142,321,3762,544,316.0,1.65,26.49,1.72152
European Transactions on Telecommunications,0.347,38,0,47,0,93,46.0,0.0,0.0,2.02174
Optik,0.346,40,1407,4564,36622,6124,4534.0,1.39,26.03,1.35068
Microsystem Technologies,0.346,55,683,883,15319,1165,861.0,1.28,22.43,1.35308
Journal of Laser Micro Nanoengineering,0.344,16,54,188,1250,155,186.0,0.84,23.15,0.83333
Physical Communication,0.341,25,113,136,3173,295,127.0,1.84,28.08,2.32283
IET Image Processing,0.34,29,152,315,5022,589,312.0,1.89,33.04,1.88782
International Journal of Optomechatronics,0.338,15,1,63,36,66,62.0,0.82,36.0,1.06452
"Eurasip Journal on Audio, Speech, and Music Processing",0.337,20,26,93,1121,149,92.0,2.06,43.12,1.61957
Wireless Networks,0.336,79,392,576,6747,1113,547.0,1.82,17.21,2.03473
IEEE Aerospace and Electronic Systems Magazine,0.335,50,87,228,1923,287,171.0,1.61,22.1,1.67836
IET Optoelectronics,0.335,37,46,126,1164,186,121.0,1.79,25.3,1.53719
IEEE Instrumentation and Measurement Magazine,0.333,35,58,204,470,219,163.0,1.44,8.1,1.34356
IEEE Industry Applications Magazine,0.331,48,71,245,728,169,190.0,0.74,10.25,0.88947
"Modelling, Measurement and Control A",0.33,5,8,17,149,26,17.0,1.53,18.63,1.52941
Zhongguo Jiguang/Chinese Journal of Lasers,0.328,29,446,1662,10047,1159,1662.0,0.85,22.53,0.69735
Automation and Remote Control,0.328,28,177,557,3378,416,554.0,0.73,19.08,0.7509
International Journal of Dynamics and Control,0.327,9,101,144,3160,150,138.0,0.96,31.29,1.08696
International Journal of Communication Systems,0.326,37,333,608,10910,1136,605.0,1.64,32.76,1.87769
Magnetohydrodynamics,0.326,20,77,159,1060,103,155.0,0.71,13.77,0.66452
Electrical Engineering,0.323,28,263,104,3198,143,99.0,1.45,12.16,1.44444
Journal of Aerospace Information Systems,0.322,26,46,157,1734,202,147.0,1.44,37.7,1.37415
Communications - Scientific Letters of the University of Zilina,0.322,15,113,313,2045,367,306.0,1.22,18.1,1.19935
Eurasip Journal on Advances in Signal Processing,0.322,73,83,416,2860,693,404.0,1.64,34.46,1.71535
Kybernetika,0.321,31,64,182,1678,119,177.0,0.66,26.22,0.67232
Studies in Informatics and Control,0.32,14,48,136,1236,143,136.0,1.21,25.75,1.05147
China Communications,0.314,20,217,763,5747,1304,731.0,1.84,26.48,1.78386
ACM Journal on Emerging Technologies in Computing Systems,0.308,30,46,146,1746,273,138.0,2.22,37.96,1.97826
Sensor Review,0.307,29,58,151,1495,199,151.0,1.27,25.78,1.31788
International Journal of Applied Electromagnetics and Mechanics,0.304,24,206,740,4188,697,731.0,0.91,20.33,0.95349
International Journal of Mechanics,0.303,14,39,146,853,148,146.0,1.24,21.87,1.0137
Journal of Microwave Power and Electromagnetic Energy,0.3,27,24,72,565,42,60.0,0.43,23.54,0.7
"Computers, Materials and Continua",0.3,25,19,135,518,60,135.0,0.49,27.26,0.44444
"Jisuanji Jicheng Zhizao Xitong/Computer Integrated Manufacturing Systems, CIMS",0.297,28,290,1007,6387,648,1007.0,0.56,22.02,0.6435
Journal of Nanotechnology in Engineering and Medicine,0.297,14,0,77,0,91,72.0,1.16,0.0,1.26389
International Journal of Digital Multimedia Broadcasting,0.296,14,11,11,204,18,11.0,2.8,18.55,1.63636
International Journal of Electrical and Computer Engineering,0.296,11,372,652,7494,622,651.0,0.93,20.15,0.95545
Nano Communication Networks,0.294,25,31,60,1265,126,53.0,2.23,40.81,2.37736
Sustainable Computing: Informatics and Systems,0.294,14,52,83,1003,131,73.0,1.57,19.29,1.79452
Displays,0.293,49,48,139,1439,197,134.0,1.31,29.98,1.47015
Optical Switching and Networking,0.293,23,53,150,1574,245,143.0,1.33,29.7,1.71329
Gyroscopy and Navigation,0.292,13,38,126,814,102,124.0,0.62,21.42,0.82258
Guangdianzi Jiguang/Journal of Optoelectronics Laser,0.291,22,172,958,3457,583,958.0,0.74,20.1,0.60856
Transactions on Emerging Telecommunications Technologies,0.291,14,173,321,5531,565,298.0,1.45,31.97,1.89597
Kybernetes,0.29,30,104,297,5125,315,296.0,1.09,49.28,1.06419
Journal of Sensors and Sensor Systems,0.289,5,38,62,1097,64,62.0,1.03,28.87,1.03226
Control Engineering and Applied Informatics,0.289,11,48,142,1316,152,142.0,0.96,27.42,1.07042
"IET Circuits, Devices and Systems",0.288,44,85,185,2607,267,180.0,1.55,30.67,1.48333
Journal of Sensors,0.288,25,240,671,7131,916,648.0,1.45,29.71,1.41358
ACM Transactions on Design Automation of Electronic Systems,0.287,46,74,191,2939,269,189.0,1.45,39.72,1.42328
Journal of Power Electronics,0.284,24,159,477,4070,587,476.0,1.2,25.6,1.23319
Gaoya Dianqi/High Voltage Apparatus,0.283,22,360,1097,7383,554,1097.0,0.5,20.51,0.50501
Microelectronics Journal,0.28,57,184,564,4508,874,553.0,1.52,24.5,1.58047
"IETE Technical Review (Institution of Electronics and Telecommunication Engineers, India)",0.28,22,93,164,2600,223,148.0,1.23,27.96,1.50676
International Journal of RF Technologies: Research and Applications,0.278,12,8,25,361,34,24.0,1.7,45.13,1.41667
Journal of Semiconductors,0.277,18,212,908,5898,785,907.0,1.07,27.82,0.86549
International Journal of Satellite Communications and Networking,0.276,33,36,110,989,127,101.0,1.29,27.47,1.25743
Optical Memory and Neural Networks (Information Optics),0.276,12,32,104,701,79,103.0,0.74,21.91,0.76699
Journal of Computational Electronics,0.274,25,126,392,4690,527,382.0,1.4,37.22,1.37958
Advances in Electrical and Electronic Engineering,0.274,13,103,228,1946,244,228.0,1.22,18.89,1.07018
International Journal of RF and Microwave Computer-Aided Engineering,0.274,34,119,277,2735,308,268.0,1.27,22.98,1.14925
"Journal of Control, Automation and Electrical Systems",0.274,12,70,192,2068,183,192.0,1.01,29.54,0.95312
Jiqiren/Robot,0.274,20,101,284,2295,271,284.0,0.86,22.72,0.95423
IEEE Design and Test,0.273,68,96,205,1100,273,155.0,1.9,11.46,1.76129
Microwave and Optical Technology Letters,0.273,67,698,2196,9291,2120,2152.0,1.09,13.31,0.98513
Journal of Communications Technology and Electronics,0.273,18,197,538,3345,266,537.0,0.52,16.98,0.49534
Journal of Visualization,0.267,23,81,174,1840,181,170.0,0.93,22.72,1.06471
Journal of Magnetics,0.267,11,101,243,2025,164,243.0,0.71,20.05,0.6749
Xiyou Jinshu Cailiao Yu Gongcheng/Rare Metal Materials and Engineering,0.266,22,472,1962,9213,905,1962.0,0.39,19.52,0.46126
Telkomnika,0.265,13,233,628,4616,388,626.0,0.58,19.81,0.61981
IEEE Electromagnetic Compatibility Magazine,0.264,9,44,130,471,102,128.0,0.73,10.7,0.79688
International Journal of Aeronautical and Space Sciences,0.264,13,79,173,1676,126,173.0,0.57,21.22,0.72832
International Journal of Electronics,0.264,46,146,424,3725,439,413.0,1.12,25.51,1.06295
Photonic Network Communications,0.264,30,88,213,1992,265,199.0,1.28,22.64,1.33166
Journal of Advanced Dielectrics,0.263,5,48,85,1433,73,83.0,0.88,29.85,0.87952
MM Science Journal,0.262,5,92,239,1255,125,239.0,0.54,13.64,0.52301
IET Communications,0.26,51,351,911,8842,1365,902.0,1.62,25.19,1.5133
Wireless Personal Communications,0.26,42,1425,2146,35831,2886,2103.0,1.32,25.14,1.37233
IEEJ Transactions on Power and Energy,0.259,23,111,367,1112,167,353.0,0.49,10.02,0.47309
Elektronika ir Elektrotechnika,0.258,20,82,397,1603,398,397.0,1.1,19.55,1.00252
Journal of Electromagnetic Waves and Applications,0.258,43,170,582,3853,570,571.0,0.96,22.66,0.99825
International Journal of Nanoelectronics and Materials,0.258,6,18,48,508,25,48.0,0.69,28.22,0.52083
Real-Time Systems,0.257,50,30,69,1031,156,63.0,2.19,34.37,2.47619
IEEJ Journal of Industry Applications,0.257,11,42,216,820,246,216.0,1.1,19.52,1.13889
Dongli Gongcheng Xuebao/Journal of Chinese Society of Power Engineering,0.256,12,153,483,2076,237,483.0,0.46,13.57,0.49068
Sensing and Imaging,0.255,15,33,66,902,63,65.0,0.83,27.33,0.96923
Journal of Systems Engineering and Electronics,0.253,25,127,363,3298,334,363.0,0.78,25.97,0.92011
IEEE Latin America Transactions,0.253,16,297,1388,7264,857,1388.0,0.62,24.46,0.61744
Microelectronics International,0.251,18,24,84,500,55,83.0,0.78,20.83,0.66265
International Journal of Sensor Networks,0.25,26,70,201,2239,193,200.0,0.96,31.99,0.965
Chinese Journal of Electronics,0.247,19,192,446,3784,372,446.0,0.85,19.71,0.83408
Circuit World,0.246,19,22,71,391,41,71.0,0.48,17.77,0.57746
Journal of Electrical Systems,0.244,11,60,154,1378,122,154.0,0.79,22.97,0.79221
International Journal of Electrical Engineering Education,0.242,18,26,94,353,52,94.0,0.63,13.58,0.55319
Information Technology and Control,0.24,14,41,120,1260,112,119.0,0.97,30.73,0.94118
Rev Roumaine des Sciences Techniques-Series Electrotechnique et Energetique,0.24,10,89,165,1502,184,164.0,1.09,16.88,1.12195
Applied Computational Electromagnetics Society Journal,0.24,24,174,534,3057,386,534.0,0.71,17.57,0.72285
"Electrotehnica, Electronica, Automatica",0.24,8,100,135,2942,107,134.0,0.77,29.42,0.79851
Frontiers of Information Technology and Electronic Engineering,0.239,18,168,312,5933,373,306.0,1.29,35.32,1.21895
Qiangjiguang Yu Lizishu/High Power Laser and Particle Beams,0.239,23,254,1782,3559,448,1782.0,0.26,14.01,0.2514
Telecommunication Systems,0.239,39,199,393,5677,466,372.0,1.36,28.53,1.25269
TM. Technisches Messen,0.239,16,119,235,1777,107,214.0,0.53,14.93,0.5
Journal of Electronic Imaging,0.238,57,229,612,8526,606,604.0,0.96,37.23,1.00331
Canadian Journal of Electrical and Computer Engineering,0.236,19,28,101,679,125,98.0,1.22,24.25,1.27551
International Journal on Smart Sensing and Intelligent Systems,0.234,22,85,312,2489,355,312.0,1.28,29.28,1.13782
SEI Technical Review,0.233,16,47,121,295,47,120.0,0.44,6.28,0.39167
IEICE Transactions on Communications,0.233,49,237,877,5626,810,834.0,1.15,23.74,0.97122
International Journal of Wireless and Mobile Computing,0.233,16,78,257,1839,201,256.0,0.95,23.58,0.78516
Archives of Electrical Engineering,0.233,10,66,157,1242,133,156.0,0.89,18.82,0.85256
International Journal of Power Electronics,0.233,9,15,39,398,34,39.0,0.81,26.53,0.87179
International Journal of Antennas and Propagation,0.233,25,224,848,5430,801,811.0,0.87,24.24,0.98767
ETRI Journal,0.232,40,87,390,2122,401,388.0,1.0,24.39,1.03351
Kongzhi Lilun Yu Yinyong/Control Theory and Applications,0.231,29,164,630,4086,498,630.0,0.73,24.91,0.79048
Distributed Generation and Alternative Energy Journal,0.229,9,17,55,349,32,48.0,0.61,20.53,0.66667
Dianji yu Kongzhi Xuebao/Electric Machines and Control,0.229,17,183,598,2838,258,598.0,0.31,15.51,0.43144
Progress in Electromagnetics Research B,0.228,39,79,220,2291,260,220.0,1.38,29.0,1.18182
Russian Microelectronics,0.227,14,90,247,1458,129,244.0,0.56,16.2,0.52869
Ad-Hoc and Sensor Wireless Networks,0.227,13,62,211,2279,199,211.0,0.94,36.76,0.94313
Journal of Electrical Engineering and Technology,0.227,19,262,839,5633,632,838.0,0.69,21.5,0.75418
Shenyang Gongye Daxue Xuebao/Journal of Shenyang University of Technology,0.226,7,108,376,1288,110,376.0,0.3,11.93,0.29255
Tien Tzu Hsueh Pao/Acta Electronica Sinica,0.226,40,381,1195,7084,683,1195.0,0.53,18.59,0.57155
Fujitsu Scientific and Technical Journal,0.225,20,68,183,444,56,171.0,0.24,6.53,0.32749
International Journal of Computer Applications in Technology,0.225,22,62,224,2049,245,219.0,1.24,33.05,1.11872
Chinese Space Science and Technology,0.224,10,84,201,1327,84,201.0,0.4,15.8,0.41791
Transactions on Electrical and Electronic Materials,0.224,13,72,218,1273,112,216.0,0.56,17.68,0.51852
Radioengineering,0.223,32,144,373,3387,424,373.0,1.19,23.52,1.13673
"Integration, the VLSI Journal",0.223,31,133,228,3757,278,222.0,1.17,28.25,1.25225
Annales des Telecommunications,0.223,31,73,154,1995,169,145.0,1.2,27.33,1.16552
Journal of Low Power Electronics and Applications,0.222,10,32,56,1210,62,53.0,1.18,37.81,1.16981
3D Research,0.222,14,41,105,1359,107,105.0,1.05,33.15,1.01905
Journal of Computational and Theoretical Nanoscience,0.221,40,782,2826,21042,1244,2815.0,0.33,26.91,0.44192
COMPEL - The International Journal for Computation and Mathematics in Electrical and Electronic Engineering,0.22,25,135,416,2504,308,414.0,0.8,18.55,0.74396
Journal of Nanoelectronics and Optoelectronics,0.219,18,211,407,5386,334,401.0,1.03,25.53,0.83292
IEICE Transactions on Electronics,0.218,43,142,565,2319,295,517.0,0.58,16.33,0.5706
IEEJ Transactions on Electrical and Electronic Engineering,0.217,21,175,392,3823,320,365.0,0.92,21.85,0.87671
International Journal of Power Electronics and Drive Systems,0.217,11,164,347,3177,303,347.0,0.8,19.37,0.8732
International Journal of Electronics and Telecommunications,0.216,14,60,156,1187,117,156.0,0.75,19.78,0.75
"Optoelectronics and Advanced Materials, Rapid Communications",0.215,23,140,723,3263,291,723.0,0.39,23.31,0.40249
Dianzi Yu Xinxi Xuebao/Journal of Electronics and Information Technology,0.214,22,424,1372,7891,875,1372.0,0.62,18.61,0.63776
Defence Science Journal,0.214,22,120,241,1972,166,234.0,0.64,16.43,0.7094
Automatisierungstechnik,0.212,20,85,275,1722,126,244.0,0.53,20.26,0.51639
Ingegneria Ferroviaria,0.212,8,21,77,369,19,71.0,0.21,17.57,0.26761
International Journal of Security and Networks,0.212,22,23,71,855,55,70.0,0.76,37.17,0.78571
EasternEuropean Journal of Enterprise Technologies,0.212,7,575,997,11850,423,997.0,0.43,20.61,0.42427
Far East Journal of Electronics and Communications,0.211,7,83,148,1218,60,147.0,0.47,14.67,0.40816
Open Engineering,0.211,13,54,200,1429,136,194.0,0.52,26.46,0.70103
Przeglad Elektrotechniczny,0.209,20,569,1968,7388,513,1961.0,0.27,12.98,0.2616
IET Computers and Digital Techniques,0.209,39,26,116,684,130,108.0,0.86,26.31,1.2037
IEEE Consumer Electronics Magazine,0.209,12,107,263,1365,220,263.0,0.9,12.76,0.8365
Xi Tong Gong Cheng Yu Dian Zi Ji Shu/Systems Engineering and Electronics,0.209,24,407,1264,7959,641,1264.0,0.5,19.56,0.50712
Turkish Journal of Electrical Engineering and Computer Sciences,0.208,23,205,627,4855,445,627.0,0.66,23.68,0.70973
International Journal of Modelling and Simulation,0.207,15,32,63,796,31,60.0,0.36,24.88,0.51667
"International Journal of Reliability, Quality and Safety Engineering",0.206,25,34,100,853,44,95.0,0.51,25.09,0.46316
Journal of Electrical Engineering,0.205,22,52,193,1057,146,193.0,0.64,20.33,0.75648
Reseaux,0.205,14,34,130,1406,30,125.0,0.18,41.35,0.24
Journal of Optoelectronics and Advanced Materials,0.204,41,120,665,3397,275,665.0,0.44,28.31,0.41353
"IEEJ Transactions on Electronics, Information and Systems",0.204,16,238,781,2884,118,752.0,0.17,12.12,0.15691
Russian Electrical Engineering,0.204,12,165,419,1207,607,414.0,1.59,7.32,1.46618
Wireless Communications and Mobile Computing,0.203,54,218,513,7335,459,512.0,0.89,33.65,0.89648
International Journal of Nanotechnology,0.202,31,94,283,2313,125,277.0,0.43,24.61,0.45126
Journal of Semiconductor Technology and Science,0.202,14,117,319,1759,151,311.0,0.42,15.03,0.48553
NTT Technical Review,0.202,13,126,379,523,60,371.0,0.16,4.15,0.16173
Telecommunications and Radio Engineering (English translation of Elektrosvyaz and Radiotekhnika),0.202,12,48,448,711,99,448.0,0.2,14.81,0.22098
SAE International Journal of Passenger Cars - Electronic and Electrical Systems,0.202,11,57,157,778,82,157.0,0.6,13.65,0.52229
International Journal of Nanoscience,0.201,20,66,126,1323,70,124.0,0.59,20.05,0.56452
Journal of Robotics and Mechatronics,0.201,14,109,298,2411,156,289.0,0.55,22.12,0.53979
Advances in Electrical and Computer Engineering,0.2,19,63,216,1902,182,216.0,0.86,30.19,0.84259
Guangdian Gongcheng/Opto-Electronic Engineering,0.2,18,78,559,2497,121,559.0,0.22,32.01,0.21646
International Journal of Mechatronics and Manufacturing Systems,0.199,11,18,57,384,24,54.0,0.51,21.33,0.44444
Advances in Radio Science,0.199,17,36,99,587,46,99.0,0.37,16.31,0.46465
Radioelectronics and Communications Systems,0.198,9,59,199,1123,75,199.0,0.37,19.03,0.37688
Journal of Control Science and Engineering,0.196,14,72,173,1742,117,170.0,0.73,24.19,0.68824
IEICE Transactions on Information and Systems,0.195,45,398,1163,8127,670,1101.0,0.63,20.42,0.60854
Technical Electrodynamics,0.195,9,71,350,824,118,350.0,0.38,11.61,0.33714
Light and Engineering,0.195,6,85,175,1148,28,173.0,0.15,13.51,0.16185
IEEJ Transactions on Industry Applications,0.194,28,126,436,1574,213,432.0,0.49,12.49,0.49306
Journal of Engineering,0.194,10,32,141,930,138,140.0,1.09,29.06,0.98571
"International Journal of Numerical Modelling: Electronic Networks, Devices and Fields",0.192,26,103,226,2119,150,223.0,0.63,20.57,0.67265
Journal of Electronic Testing: Theory and Applications (JETTA),0.191,30,62,180,1637,139,159.0,0.72,26.4,0.87421
Xi'an Dianzi Keji Daxue Xuebao/Journal of Xidian University,0.189,15,184,589,2404,266,589.0,0.48,13.07,0.45161
Guofang Keji Daxue Xuebao/Journal of National University of Defense Technology,0.188,15,180,552,3047,156,552.0,0.26,16.93,0.28261
IETE Journal of Research,0.187,18,170,232,2334,199,222.0,0.86,13.73,0.8964
IEEJ Transactions on Fundamentals and Materials,0.187,19,127,399,1331,100,397.0,0.25,10.48,0.25189
Advances in Power Electronics,0.184,9,3,24,62,11,24.0,0.27,20.67,0.45833
International Journal of Microwave and Wireless Technologies,0.184,15,233,377,4022,215,362.0,0.5,17.26,0.59392
Transactions of the Korean Institute of Electrical Engineers,0.183,8,268,870,3398,138,869.0,0.15,12.68,0.1588
Optoelectronics Letters,0.182,16,113,352,1904,148,352.0,0.49,16.85,0.42045
Indonesian Journal of Electrical Engineering and Computer Science,0.182,6,382,312,6503,157,312.0,0.5,17.02,0.50321
Integrated Ferroelectrics,0.182,35,189,594,3614,232,580.0,0.37,19.12,0.4
WSEAS Transactions on Power Systems,0.181,10,0,51,0,38,51.0,0.0,0.0,0.7451
Journal of Electrical and Electronics Engineering,0.181,7,29,80,460,22,80.0,0.14,15.86,0.275
Lasers in Engineering,0.18,14,83,245,1618,98,243.0,0.33,19.49,0.40329
Electromagnetics,0.179,29,48,141,884,73,140.0,0.48,18.42,0.52143
International Journal of Signal and Imaging Systems Engineering,0.179,9,33,108,1151,56,106.0,0.7,34.88,0.5283
World Journal of Engineering,0.178,3,72,209,1714,63,208.0,0.37,23.81,0.30288
"IEICE Transactions on Fundamentals of Electronics, Communications and Computer Sciences",0.177,48,412,1118,7316,499,1069.0,0.45,17.76,0.46679
International Journal of Engineering and Technology Innovation,0.176,3,24,49,684,33,48.0,0.69,28.5,0.6875
International Journal of Microwave and Optical Technology,0.175,7,63,199,1200,103,199.0,0.71,19.05,0.51759
IEEJ Transactions on Sensors and Micromachines,0.174,14,87,264,1063,62,248.0,0.2,12.22,0.25
IEEE Engineering Management Review,0.173,14,49,112,446,18,97.0,0.19,9.1,0.18557
Acta Cybernetica,0.172,14,37,64,877,26,62.0,0.34,23.7,0.41935
"Journal of Circuits, Systems and Computers",0.172,23,247,517,6329,323,512.0,0.65,25.62,0.63086
Informacije MIDEM,0.172,15,29,104,703,61,97.0,0.59,24.24,0.62887
Journal of Electrical and Computer Engineering,0.171,17,80,234,1818,151,227.0,0.61,22.73,0.6652
Sensor Letters,0.171,30,98,653,3007,288,644.0,0.56,30.68,0.4472
Dianbo Kexue Xuebao/Chinese Journal of Radio Science,0.17,19,65,568,1050,135,568.0,0.24,16.15,0.23768
Periodica polytechnica Electrical engineering and computer science,0.17,9,33,76,1051,48,72.0,0.66,31.85,0.66667
"Proceedings of the Institution of Mechanical Engineers, Part N: Journal of Nanoengineering and Nanosystems",0.169,12,0,76,0,40,74.0,0.56,0.0,0.54054
IEEE Potentials,0.167,27,72,197,126,112,154.0,0.61,1.75,0.72727
Acta IMEKO,0.165,5,61,120,975,67,114.0,0.59,15.98,0.58772
IEICE Electronics Express,0.164,31,326,865,4247,449,46.0,14.53,13.03,9.76087
Progress in Superconductivity and Cryogenics (PSAC)/Journal of the Korea Institute of Applied Superconductivity and Cryogenics,0.164,5,41,127,734,39,127.0,0.39,17.9,0.30709
IEEE Spectrum,0.159,57,189,450,0,240,372.0,0.7,0.0,-10.0
International Journal of Manufacturing Technology and Management,0.159,18,32,66,1596,29,63.0,0.53,49.88,-10.0
International Journal of High Speed Electronics and Systems,0.159,19,27,88,858,28,82.0,0.36,31.78,-10.0
Information Display,0.158,16,45,148,240,25,106.0,0.28,5.33,-10.0
Journal of ICT Research and Applications,0.157,5,18,50,437,34,50.0,0.67,24.28,-10.0
Istanbul University - Journal of Electrical and Electronics Engineering,0.157,8,54,56,1193,17,56.0,0.34,22.09,-10.0
Serbian Journal of Electrical Engineering,0.157,3,29,30,525,19,29.0,0.66,18.1,-10.0
International Journal of Vehicle Autonomous Systems,0.155,20,9,27,220,11,27.0,0.44,24.44,-10.0
International Journal of Biometrics,0.155,12,19,57,706,27,57.0,0.36,37.16,-10.0
Journal of Optical Communications,0.154,12,151,149,1476,49,146.0,0.25,9.77,-10.0
Advanced Electromagnetics,0.154,8,47,71,1042,47,71.0,0.64,22.17,-10.0
Furukawa Review,0.154,11,15,30,110,6,28.0,0.24,7.33,-10.0
IPSJ Transactions on System LSI Design Methodology,0.153,9,5,38,157,29,35.0,0.78,31.4,-10.0
Bandaoti Guangdian/Semiconductor Optoelectronics,0.152,10,191,686,2413,96,686.0,0.14,12.63,-10.0
Revue Francaise de Photogrammetrie et de Teledetection,0.15,6,24,73,454,13,69.0,0.15,18.92,-10.0
International Journal of Wireless Information Networks,0.149,24,44,92,1238,58,89.0,0.62,28.14,-10.0
Dianzi Keji Daxue Xuebao/Journal of the University of Electronic Science and Technology of China,0.149,14,148,492,2934,116,492.0,0.2,19.82,-10.0
"Optoelectronics, Instrumentation and Data Processing (English translation of Avtometriya)",0.149,7,86,259,1526,85,259.0,0.34,17.74,-10.0
Journal of The Institution of Engineers (India): Series B,0.148,6,65,152,1443,64,144.0,0.39,22.2,-10.0
Iranian Journal of Electrical and Electronic Engineering,0.148,10,40,105,1032,43,105.0,0.27,25.8,-10.0
"UPB Scientific Bulletin, Series C: Electrical Engineering",0.146,9,79,255,1343,48,255.0,0.18,17.0,-10.0
"Journal of Microwaves, Optoelectronics and Electromagnetic Applications",0.146,12,76,101,1518,68,100.0,0.83,19.97,-10.0
Elektrotechnik und Informationstechnik,0.146,14,102,259,811,68,224.0,0.29,7.95,-10.0
International Journal of Power and Energy Systems,0.144,15,12,61,274,15,61.0,0.27,22.83,-10.0
SMT Surface Mount Technology Magazine,0.143,8,110,360,171,13,257.0,0.06,1.55,-10.0
Journal of Communications,0.143,27,82,398,1804,218,395.0,0.46,22.0,-10.0
Journal of Telecommunications and Information Technology,0.142,7,52,138,1075,83,129.0,0.68,20.67,-10.0
Chongqing Daxue Xuebao/Journal of Chongqing University,0.142,13,84,409,1638,69,409.0,0.16,19.5,-10.0
Advances in OptoElectronics,0.141,19,7,26,220,13,26.0,0.32,31.43,-10.0
International Journal of Automation and Smart Technology,0.141,6,24,92,562,31,87.0,0.27,23.42,-10.0
International Journal of Engineering Intelligent Systems for Electrical Engineering and Communications,0.14,16,5,58,110,6,55.0,0.08,22.0,-10.0
Open Electrical and Electronic Engineering Journal,0.14,5,17,220,341,24,218.0,0.1,20.06,-10.0
Beijing Youdian Xueyuan Xuebao/Journal of Beijing University of Posts And Telecommunications,0.138,14,132,503,1512,113,503.0,0.22,11.45,-10.0
International Journal of Microwave Science and Technology,0.136,7,1,39,11,36,39.0,0.71,11.0,-10.0
Active and Passive Electronic Components,0.136,19,19,45,378,20,43.0,0.32,19.89,-10.0
Microwave Journal,0.136,25,94,262,578,56,262.0,0.25,6.15,-10.0
Electrical Engineering in Japan (English translation of Denki Gakkai Ronbunshi),0.136,23,114,326,1708,85,326.0,0.19,14.98,-10.0
"Journal of Telecommunication, Electronic and Computer Engineering",0.134,5,782,377,16014,160,377.0,0.43,20.48,-10.0
Journal of Communications Software and Systems,0.134,9,19,58,551,18,57.0,0.38,29.0,-10.0
EPE Journal (European Power Electronics and Drives Journal),0.131,22,17,68,478,18,61.0,0.08,28.12,-10.0
Journal of Low Power Electronics,0.131,14,65,174,1763,61,168.0,0.34,27.12,-10.0
"International Journal of Circuits, Systems and Signal Processing",0.131,8,63,201,1364,73,200.0,0.41,21.65,-10.0
Elektrotehniski Vestnik/Electrotechnical Review,0.13,8,39,130,766,8,129.0,0.05,19.64,-10.0
Australian Journal of Electrical and Electronics Engineering,0.13,11,5,97,94,19,96.0,0.18,18.8,-10.0
Gongneng Cailiao/Journal of Functional Materials,0.129,14,379,2249,8438,388,2249.0,0.16,22.26,-10.0
Membrane Technology,0.129,19,16,39,238,3,34.0,0.13,14.88,-10.0
International Journal of Mechatronics and Automation,0.129,13,0,46,0,38,46.0,1.36,0.0,-10.0
Journal of Microelectronics and Electronic Packaging,0.129,16,15,77,288,16,77.0,0.15,19.2,-10.0
Frequenz,0.128,22,103,196,1616,74,194.0,0.35,15.69,-10.0
International Journal of Autonomous and Adaptive Communications Systems,0.128,12,24,67,670,16,64.0,0.2,27.92,-10.0
ABB Review,0.128,16,49,173,61,12,157.0,0.07,1.24,-10.0
Electronics and Communications in Japan,0.128,10,90,307,1524,75,307.0,0.24,16.93,-10.0
International Journal of Electrical Engineering,0.126,7,22,76,434,8,71.0,0.06,19.73,-10.0
International Journal of Green Nanotechnology,0.123,3,0,1,0,0,1.0,0.0,0.0,-10.0
Journal of Integrated Circuits and Systems,0.123,9,14,53,253,25,52.0,0.54,18.07,-10.0
Chinese Journal of Sensors and Actuators,0.12,15,271,947,2039,165,947.0,0.15,7.52,-10.0
Majlesi Journal of Electrical Engineering,0.12,1,34,29,779,7,29.0,0.24,22.91,-10.0
Electronics,0.12,6,5,47,134,31,47.0,0.29,26.8,-10.0
Journal of Electronic Science and Technology,0.119,2,62,116,1487,19,109.0,0.17,23.98,-10.0
"Transactions on Electrical Engineering, Electronics, and Communications",0.118,5,13,31,272,14,29.0,0.38,20.92,-10.0
Nanjing Youdian Daxue Xuebao (Ziran Kexue Ban)/Journal of Nanjing University ofPosts and Telecommunications (Natural Science),0.118,8,68,341,1261,37,341.0,0.12,18.54,-10.0
Microwave Review,0.117,4,8,34,161,10,30.0,0.33,20.13,-10.0
Journal of Electronics,0.117,11,0,72,0,24,72.0,0.0,0.0,-10.0
International Journal of Applied Linguistics and English Literature,0.116,4,1,570,24,56,569.0,0.1,24.0,-10.0
Infocommunications Journal,0.116,5,15,59,339,9,56.0,0.15,22.6,-10.0
WSEAS Transactions on Communications,0.116,14,0,74,0,23,74.0,0.0,0.0,-10.0
Journal of the Institute of Telecommunications Professionals,0.116,12,34,99,77,13,76.0,0.3,2.26,-10.0
Iranian Journal of Science and Technology - Transactions of Electrical Engineering,0.115,3,29,11,860,2,11.0,0.18,29.66,-10.0
Metallurgical and Mining Industry,0.115,14,0,908,0,155,908.0,0.15,0.0,-10.0
VLSI Design,0.115,20,6,45,107,23,42.0,0.38,17.83,-10.0
Wuhan Ligong Daxue Xuebao (Jiaotong Kexue Yu Gongcheng Ban)/Journal of Wuhan University of Technology (Transportation Science and Engineering),0.114,11,176,813,770,71,813.0,0.09,4.38,-10.0
Journal of Light and Visual Environment,0.113,14,0,37,0,10,31.0,0.46,0.0,-10.0
Journal Europeen des Systemes Automatises,0.113,19,9,63,202,3,61.0,0.0,22.44,-10.0
International Journal of COMADEM,0.113,9,0,73,0,13,69.0,0.15,0.0,-10.0
Journal of Electrical Engineering,0.112,5,5,485,130,76,482.0,0.15,26.0,-10.0
Energia Elettrica,0.112,5,29,95,346,13,90.0,0.05,11.93,-10.0
Microwaves and RF,0.112,12,29,471,96,14,253.0,0.06,3.31,-10.0
Jiliang Xuebao/Acta Metrologica Sinica,0.11,12,140,414,765,30,414.0,0.07,5.46,-10.0
WSEAS Transactions on Circuits and Systems,0.11,14,0,51,0,18,51.0,0.0,0.0,-10.0
Recent Advances in Electrical and Electronic Engineering,0.109,5,31,74,989,7,63.0,0.08,31.9,-10.0
Acta Technica CSAV (Ceskoslovensk Akademie Ved),0.109,10,309,143,3828,32,143.0,0.19,12.39,-10.0
Hedianzixue Yu Tance Jishu/Nuclear Electronics and Detection Technology,0.107,8,75,929,313,47,929.0,0.05,4.17,-10.0
International Conference on Geoinformatics,0.107,5,48,197,815,17,193.0,0.09,16.98,-10.0
Engineering and Technology,0.107,12,43,378,0,58,378.0,0.16,0.0,-10.0
Guti Dianzixue Yanjiu Yu Jinzhan/Research & Progress of Solid State Electronics,0.106,5,73,325,524,15,325.0,0.03,7.18,-10.0
Journal of Functional Materials and Devices,0.106,7,0,16,0,1,16.0,0.0,0.0,-10.0
International Journal of Ultra Wideband Communications and Systems,0.106,8,0,19,0,3,19.0,0.14,0.0,-10.0
International Journal of Radio Frequency Identification Technology and Applications,0.106,11,0,10,0,7,10.0,1.0,0.0,-10.0
Shomei Gakkai Shi,0.105,3,10,35,77,2,32.0,0.06,7.7,-10.0
Electronic Device Failure Analysis,0.105,6,24,83,164,4,58.0,0.03,6.83,-10.0
Journal of the Institute of Electrical Engineers of Japan,0.104,9,142,409,717,20,350.0,0.07,5.05,-10.0
Kyokai Joho Imeji Zasshi/Journal of the Institute of Image Information and Television Engineers,0.103,11,51,195,376,13,193.0,0.05,7.37,-10.0
"Journal of the Institute of Electronics, Information and Communication Engineers",0.103,2,0,435,0,15,393.0,0.04,0.0,-10.0
NEC Technical Journal,0.102,9,26,188,30,16,182.0,0.1,1.15,-10.0
International Journal of Electrical and Computer Engineering Systems,0.102,0,10,10,175,0,10.0,0.0,17.5,-10.0
Journal of Japan Institute of Electronics Packaging,0.102,10,92,292,693,16,244.0,0.04,7.53,-10.0
Research Reports on Information Science and Electrical Engineering of Kyushu University,0.102,6,2,13,27,0,13.0,0.0,13.5,-10.0
Traitement du Signal,0.102,3,0,55,0,4,50.0,0.09,0.0,-10.0
EuroAsia Semiconductor,0.101,5,0,20,0,0,15.0,0.0,0.0,-10.0
Total Telecom,0.101,1,0,26,0,0,17.0,0.0,0.0,-10.0
SAIEE Africa Research Journal,0.101,7,4,48,161,8,46.0,0.23,40.25,-10.0
Journal of the National Institute of Information and Communications Technology,0.101,9,10,114,166,5,111.0,0.05,16.6,-10.0
Journal of Thermoelectricity,0.101,2,0,30,0,1,30.0,0.03,0.0,-10.0
"International Journal of Sensors, Wireless Communications and Control",0.101,1,12,22,320,4,20.0,0.2,26.67,-10.0
Shapu Giho/Sharp Technical Journal,0.101,7,0,24,0,0,24.0,0.0,0.0,-10.0
"Revista de Direito, Estado e Telecomunicacoes",0.101,1,9,27,176,1,27.0,0.06,19.56,-10.0
European Journal of Electrical Engineering,0.101,5,0,36,0,1,31.0,0.0,0.0,-10.0
ITU News,0.101,3,0,34,0,0,34.0,0.0,0.0,-10.0
Digital TV Europe,0.101,1,55,88,0,0,37.0,0.0,0.0,-10.0
ABU Technical Review,0.1,3,16,72,6,1,51.0,0.03,0.38,-10.0
Mitsubishi Electric Advance,0.1,6,23,66,31,1,58.0,0.0,1.35,-10.0
Advancing Microelectronics,0.1,12,27,96,150,0,69.0,0.0,5.56,-10.0
LIA Today,0.1,3,36,109,10,0,73.0,0.0,0.28,-10.0
H and V News,0.1,0,47,98,0,0,94.0,0.0,0.0,-10.0
Engineering,0.1,2,42,140,12,0,107.0,0.0,0.29,-10.0
Journal of the Institute of Image Electronics Engineers of Japan,0.1,7,0,140,0,3,140.0,0.02,0.0,-10.0
Printed Circuit Design and Fab,0.1,4,117,373,53,2,234.0,0.01,0.45,-10.0
